scenario,operationClass,sessionMemoryMode,gcStrategy,secondaryArtifacts,repetitions,repetitionIndex,openConcurrency,targetMiB,status,fileCount,entryCount,generationMs,firstOpenMs,exactAuthenticatedReopenMs,transcriptAheadReopenMs,repeatedLifecycleMs,firstOpenP95Ms,throughputMiBPerSecond,operationRssGrowthMiB,firstOpenRssGrowthMiB,lookupRssGrowthMiB,teardownRssGrowthMiB,maxRssMiB,phaseEvidenceJson,counterEvidenceJson,coldLookupP95Ms,warmLookupP95Ms,coldRangeReads,warmRangeReads,accountedMiB,reservedMiB,residentMiB,sidecarFileMiB,sidecarEnabled,coldRetirementActive,dictionaryArtifactEnabled,parentArtifactEnabled,gcRequests,bytesRead,bytesWritten,recordsParsed,indexWriteCalls,fsyncCount,failureCode,failureMessage
linear-resume,raw-cold-first-open,auto,pressure,off,1,0,1,128,ok,1,512,44.92099999999999,184.45945799999998,,,,184.36012499999998,693.9194194097654,95.515625,95.515625,0.203125,95.890625,284.171875,"{""descriptorSecurityPreflight"":{""elapsedMs"":0.031416,""cpuUserMicros"":33,""cpuSystemMicros"":null},""semanticScan"":{""elapsedMs"":124.7085,""cpuUserMicros"":145133,""cpuSystemMicros"":null},""indexTailBuildScan"":{""elapsedMs"":33.199417,""cpuUserMicros"":33161,""cpuSystemMicros"":null},""indexSerializationWrite"":{""elapsedMs"":1.385801,""cpuUserMicros"":null,""cpuSystemMicros"":null},""dictionaryBuild"":{""elapsedMs"":0.002166,""cpuUserMicros"":3,""cpuSystemMicros"":null},""parentBuild"":{""elapsedMs"":0.001042,""cpuUserMicros"":0,""cpuSystemMicros"":null},""metadataDeltaPublication"":{""elapsedMs"":0.038917,""cpuUserMicros"":39,""cpuSystemMicros"":null},""fsync"":{""elapsedMs"":0.6242920000000001,""cpuUserMicros"":580.0000000000001,""cpuSystemMicros"":null},""commitPublicationClassification"":{""elapsedMs"":1.368583,""cpuUserMicros"":1351,""cpuSystemMicros"":null},""hotSuffixMaterialization"":{""elapsedMs"":4.328916,""cpuUserMicros"":2564,""cpuSystemMicros"":null}}","{""gcRequests"":3,""gcElapsedMs"":13.369875,""bytesRead"":201450875,""bytesWritten"":124961,""recordsParsed"":516,""lineAssemblyCopyCount"":2564,""lineAssemblyCopyBytes"":134675818,""indexWriteCalls"":1,""indexWriteBytes"":124283,""fsyncCount"":2,""fsyncElapsedMs"":0.619541}",0.7061659999999392,0.04462499999999636,1,0,45.39968490600586,45.0625,0.5889825820922852,0.11994457244873047,true,true,false,false,3,201450875,124961,516,1,2,,
linear-resume,raw-cold-first-open,auto,pressure,off,1,1,1,128,ok,1,512,73.52812499999999,180.6845,,,,180.53970800000002,708.417158084949,95.375,95.375,0.15625,95.703125,283.640625,"{""descriptorSecurityPreflight"":{""elapsedMs"":0.020333,""cpuUserMicros"":21,""cpuSystemMicros"":null},""semanticScan"":{""elapsedMs"":123.143334,""cpuUserMicros"":142513,""cpuSystemMicros"":null},""indexTailBuildScan"":{""elapsedMs"":30.6135,""cpuUserMicros"":31522,""cpuSystemMicros"":null},""indexSerializationWrite"":{""elapsedMs"":1.264881,""cpuUserMicros"":null,""cpuSystemMicros"":null},""dictionaryBuild"":{""elapsedMs"":0.002625,""cpuUserMicros"":2,""cpuSystemMicros"":null},""parentBuild"":{""elapsedMs"":0.001,""cpuUserMicros"":1,""cpuSystemMicros"":null},""metadataDeltaPublication"":{""elapsedMs"":0.042167,""cpuUserMicros"":42,""cpuSystemMicros"":null},""fsync"":{""elapsedMs"":0.7104159999999999,""cpuUserMicros"":668,""cpuSystemMicros"":null},""commitPublicationClassification"":{""elapsedMs"":1.451542,""cpuUserMicros"":1445,""cpuSystemMicros"":null},""hotSuffixMaterialization"":{""elapsedMs"":5.550459,""cpuUserMicros"":2711,""cpuSystemMicros"":null}}","{""gcRequests"":3,""gcElapsedMs"":12.710875,""bytesRead"":201450875,""bytesWritten"":124961,""recordsParsed"":516,""lineAssemblyCopyCount"":2564,""lineAssemblyCopyBytes"":134675818,""indexWriteCalls"":1,""indexWriteBytes"":124283,""fsyncCount"":2,""fsyncElapsedMs"":0.706083}",0.6758340000000089,0.08391600000004473,1,0,45.39968490600586,45.0625,0.5889825820922852,0.11994457244873047,true,true,false,false,3,201450875,124961,516,1,2,,
linear-resume,raw-cold-first-open,auto,pressure,off,1,2,1,128,ok,1,512,37.25295900000003,184.38483399999996,,,,184.25770800000004,694.2002616115382,88.125,88.125,0.140625,88.46875,276.71875,"{""descriptorSecurityPreflight"":{""elapsedMs"":0.027,""cpuUserMicros"":28,""cpuSystemMicros"":null},""semanticScan"":{""elapsedMs"":121.883416,""cpuUserMicros"":140894,""cpuSystemMicros"":null},""indexTailBuildScan"":{""elapsedMs"":31.19775,""cpuUserMicros"":32170,""cpuSystemMicros"":null},""indexSerializationWrite"":{""elapsedMs"":1.145401,""cpuUserMicros"":null,""cpuSystemMicros"":null},""dictionaryBuild"":{""elapsedMs"":0.0025,""cpuUserMicros"":3,""cpuSystemMicros"":null},""parentBuild"":{""elapsedMs"":0.001041,""cpuUserMicros"":1,""cpuSystemMicros"":null},""metadataDeltaPublication"":{""elapsedMs"":0.042833,""cpuUserMicros"":43,""cpuSystemMicros"":null},""fsync"":{""elapsedMs"":0.7381260000000001,""cpuUserMicros"":696,""cpuSystemMicros"":null},""commitPublicationClassification"":{""elapsedMs"":2.256209,""cpuUserMicros"":2217,""cpuSystemMicros"":null},""hotSuffixMaterialization"":{""elapsedMs"":10.751375,""cpuUserMicros"":3346,""cpuSystemMicros"":null}}","{""gcRequests"":3,""gcElapsedMs"":11.966292,""bytesRead"":201450875,""bytesWritten"":124961,""recordsParsed"":516,""lineAssemblyCopyCount"":2564,""lineAssemblyCopyBytes"":134675818,""indexWriteCalls"":1,""indexWriteBytes"":124283,""fsyncCount"":2,""fsyncElapsedMs"":0.7338340000000001}",0.703583999999978,0.05458400000009078,1,0,45.39968490600586,45.0625,0.5889825820922852,0.11994457244873047,true,true,false,false,3,201450875,124961,516,1,2,,
linear-resume,raw-cold-first-open,enabled,pressure,off,1,0,1,128,ok,1,512,45.89216699999997,178.196708,,,,178.05779099999995,718.3073213675754,89.265625,89.265625,0.125,89.828125,276.5625,"{""descriptorSecurityPreflight"":{""elapsedMs"":0.022458,""cpuUserMicros"":24,""cpuSystemMicros"":null},""semanticScan"":{""elapsedMs"":121.079458,""cpuUserMicros"":138947,""cpuSystemMicros"":null},""indexTailBuildScan"":{""elapsedMs"":30.945333,""cpuUserMicros"":31804,""cpuSystemMicros"":null},""indexSerializationWrite"":{""elapsedMs"":1.137734,""cpuUserMicros"":null,""cpuSystemMicros"":null},""dictionaryBuild"":{""elapsedMs"":0.002208,""cpuUserMicros"":3,""cpuSystemMicros"":null},""parentBuild"":{""elapsedMs"":0.000958,""cpuUserMicros"":2,""cpuSystemMicros"":null},""metadataDeltaPublication"":{""elapsedMs"":0.037916,""cpuUserMicros"":38,""cpuSystemMicros"":null},""fsync"":{""elapsedMs"":0.7408760000000001,""cpuUserMicros"":692,""cpuSystemMicros"":null},""commitPublicationClassification"":{""elapsedMs"":1.755916,""cpuUserMicros"":1742,""cpuSystemMicros"":null},""hotSuffixMaterialization"":{""elapsedMs"":4.703958,""cpuUserMicros"":2850,""cpuSystemMicros"":null}}","{""gcRequests"":3,""gcElapsedMs"":12.180084,""bytesRead"":201450875,""bytesWritten"":124961,""recordsParsed"":516,""lineAssemblyCopyCount"":2564,""lineAssemblyCopyBytes"":134675818,""indexWriteCalls"":1,""indexWriteBytes"":124283,""fsyncCount"":2,""fsyncElapsedMs"":0.736209}",0.8440829999999551,0.07087500000000091,1,0,45.39968490600586,45.0625,0.5889825820922852,0.11994457244873047,true,true,false,false,3,201450875,124961,516,1,2,,
linear-resume,raw-cold-first-open,enabled,pressure,off,1,1,1,128,ok,1,512,55.01262499999996,182.01887500000004,,,,181.86512500000003,703.2237728092758,87.953125,87.953125,0.171875,88.296875,275.9375,"{""descriptorSecurityPreflight"":{""elapsedMs"":0.028417,""cpuUserMicros"":30,""cpuSystemMicros"":null},""semanticScan"":{""elapsedMs"":126.00825,""cpuUserMicros"":145495,""cpuSystemMicros"":null},""indexTailBuildScan"":{""elapsedMs"":30.342791,""cpuUserMicros"":31396,""cpuSystemMicros"":null},""indexSerializationWrite"":{""elapsedMs"":1.419834,""cpuUserMicros"":null,""cpuSystemMicros"":null},""dictionaryBuild"":{""elapsedMs"":0.002375,""cpuUserMicros"":2,""cpuSystemMicros"":null},""parentBuild"":{""elapsedMs"":0.001209,""cpuUserMicros"":1,""cpuSystemMicros"":null},""metadataDeltaPublication"":{""elapsedMs"":0.041333,""cpuUserMicros"":42,""cpuSystemMicros"":null},""fsync"":{""elapsedMs"":0.638292,""cpuUserMicros"":578,""cpuSystemMicros"":null},""commitPublicationClassification"":{""elapsedMs"":1.652334,""cpuUserMicros"":1641,""cpuSystemMicros"":null},""hotSuffixMaterialization"":{""elapsedMs"":3.811875,""cpuUserMicros"":2362,""cpuSystemMicros"":null}}","{""gcRequests"":3,""gcElapsedMs"":12.8515,""bytesRead"":201450875,""bytesWritten"":124961,""recordsParsed"":516,""lineAssemblyCopyCount"":2564,""lineAssemblyCopyBytes"":134675818,""indexWriteCalls"":1,""indexWriteBytes"":124283,""fsyncCount"":2,""fsyncElapsedMs"":0.633251}",0.6053339999999707,0.05345900000008896,1,0,45.39968490600586,45.0625,0.5889825820922852,0.11994457244873047,true,true,false,false,3,201450875,124961,516,1,2,,
linear-resume,raw-cold-first-open,enabled,pressure,off,1,2,1,128,ok,1,512,59.616375000000005,177.564458,,,,177.41629200000006,720.8649830136615,87.078125,87.078125,0.78125,88.140625,275.875,"{""descriptorSecurityPreflight"":{""elapsedMs"":0.025708,""cpuUserMicros"":28,""cpuSystemMicros"":null},""semanticScan"":{""elapsedMs"":121.66025,""cpuUserMicros"":141303,""cpuSystemMicros"":null},""indexTailBuildScan"":{""elapsedMs"":30.149041,""cpuUserMicros"":30961,""cpuSystemMicros"":null},""indexSerializationWrite"":{""elapsedMs"":1.139084,""cpuUserMicros"":null,""cpuSystemMicros"":null},""dictionaryBuild"":{""elapsedMs"":0.001917,""cpuUserMicros"":2,""cpuSystemMicros"":null},""parentBuild"":{""elapsedMs"":0.001042,""cpuUserMicros"":3,""cpuSystemMicros"":null},""metadataDeltaPublication"":{""elapsedMs"":0.037125,""cpuUserMicros"":37,""cpuSystemMicros"":null},""fsync"":{""elapsedMs"":0.673125,""cpuUserMicros"":627,""cpuSystemMicros"":null},""commitPublicationClassification"":{""elapsedMs"":1.319792,""cpuUserMicros"":1304,""cpuSystemMicros"":null},""hotSuffixMaterialization"":{""elapsedMs"":4.616292,""cpuUserMicros"":2628,""cpuSystemMicros"":null}}","{""gcRequests"":3,""gcElapsedMs"":12.332626000000001,""bytesRead"":201450875,""bytesWritten"":124961,""recordsParsed"":516,""lineAssemblyCopyCount"":2564,""lineAssemblyCopyBytes"":134675818,""indexWriteCalls"":1,""indexWriteBytes"":124283,""fsyncCount"":2,""fsyncElapsedMs"":0.668542}",0.6434580000000096,0.06666600000005474,1,0,45.39968490600586,45.0625,0.5889825820922852,0.11994457244873047,true,true,false,false,3,201450875,124961,516,1,2,,
linear-resume,raw-cold-first-open,off,pressure,off,1,0,1,128,rejected,1,512,,,,,,,,,,,,,"{""descriptorSecurityPreflight"":null,""semanticScan"":null,""indexTailBuildScan"":null,""indexSerializationWrite"":null,""dictionaryBuild"":null,""parentBuild"":null,""metadataDeltaPublication"":null,""fsync"":null,""commitPublicationClassification"":null,""hotSuffixMaterialization"":null}","{""gcRequests"":null,""gcElapsedMs"":null,""bytesRead"":null,""bytesWritten"":null,""recordsParsed"":null,""lineAssemblyCopyCount"":null,""lineAssemblyCopyBytes"":null,""indexWriteCalls"":null,""indexWriteBytes"":null,""fsyncCount"":null,""fsyncElapsedMs"":null}",,,,,,,,,,,,,,,,,,,oversized,"The selected session transcript is too large to resume safely. Use `gjc export <session-file>` to export its content into a new session, or remove/archive it after confirming its content is no longer needed."
linear-resume,raw-cold-first-open,off,pressure,off,1,1,1,128,rejected,1,512,,,,,,,,,,,,,"{""descriptorSecurityPreflight"":null,""semanticScan"":null,""indexTailBuildScan"":null,""indexSerializationWrite"":null,""dictionaryBuild"":null,""parentBuild"":null,""metadataDeltaPublication"":null,""fsync"":null,""commitPublicationClassification"":null,""hotSuffixMaterialization"":null}","{""gcRequests"":null,""gcElapsedMs"":null,""bytesRead"":null,""bytesWritten"":null,""recordsParsed"":null,""lineAssemblyCopyCount"":null,""lineAssemblyCopyBytes"":null,""indexWriteCalls"":null,""indexWriteBytes"":null,""fsyncCount"":null,""fsyncElapsedMs"":null}",,,,,,,,,,,,,,,,,,,oversized,"The selected session transcript is too large to resume safely. Use `gjc export <session-file>` to export its content into a new session, or remove/archive it after confirming its content is no longer needed."
linear-resume,raw-cold-first-open,off,pressure,off,1,2,1,128,rejected,1,512,,,,,,,,,,,,,"{""descriptorSecurityPreflight"":null,""semanticScan"":null,""indexTailBuildScan"":null,""indexSerializationWrite"":null,""dictionaryBuild"":null,""parentBuild"":null,""metadataDeltaPublication"":null,""fsync"":null,""commitPublicationClassification"":null,""hotSuffixMaterialization"":null}","{""gcRequests"":null,""gcElapsedMs"":null,""bytesRead"":null,""bytesWritten"":null,""recordsParsed"":null,""lineAssemblyCopyCount"":null,""lineAssemblyCopyBytes"":null,""indexWriteCalls"":null,""indexWriteBytes"":null,""fsyncCount"":null,""fsyncElapsedMs"":null}",,,,,,,,,,,,,,,,,,,oversized,"The selected session transcript is too large to resume safely. Use `gjc export <session-file>` to export its content into a new session, or remove/archive it after confirming its content is no longer needed."
